release_file	original_archive_sha256	release_sha256	relationship	provenance_basis
code/P5_STAGE1A_BUILD_FULL_EVOLUTION_SCORE.py	eda010a245a74cca21deb2dfd885997e1c2036d782650f337f91dad7583a90e7	09a1f6cf0dc943813e070bb7c5cec111666fa610c847cafdb38c838e6f931a29	path-configured derivative	Author-owned project implementation; third-party libraries imported, not bundled
code/P5_STAGE1A_RUN_FULL_TMD_PROJECTION.py	5a08b69b930e0ca714022509f6c0431364f965c7387c0347a0775b65ae974eba	6a491a4486e237714227b3d1c9af056ac0d00ab9db0aac91fe02ef6882aa2eaa	path-configured derivative	Author-owned project implementation; third-party libraries imported, not bundled
code/P5_STAGE1B_FIRST_FROZEN_BRIDGE_REVEAL.py	0c997f83c99ca367d820da5eb11f2fe6b20c75923609f2d3b7f7265d16f0ca07	69efb5739a33a86202d87c978fcf7fa5f393eefc3b839beba7ce29444fabbc20	path-configured derivative	Author-owned project implementation; third-party libraries imported, not bundled
code/P5_V2_ATTRITION_AUDIT_v1.py	a5d706b8f37e2f4615df4c0eae1891cac902070047a1b3b1d5154ad5e459f39d	a5d706b8f37e2f4615df4c0eae1891cac902070047a1b3b1d5154ad5e459f39d	byte-identical	Author-owned project implementation; third-party libraries imported, not bundled
code/P5_V2_AUTHOR_REPRO_v1.py	7c2b2474d7329809777ffce6aa5df7ab5259e423797dc0777b5c369fbf3ad280	7c2b2474d7329809777ffce6aa5df7ab5259e423797dc0777b5c369fbf3ad280	byte-identical	Author-owned project implementation; third-party libraries imported, not bundled
code/P5_V2_BUILD_AND_REVEAL.py	2b0baf7bb00f45af3baecdd9b1790ba12867e78ff377d44ecd8902b0a6f660d5	afaae74692040107c2bfc4dc4c29486661993fb4d108e327590a4a2d385a0216	path-configured derivative	Author-owned project implementation; third-party libraries imported, not bundled
code/P5_V2_BUILD_OSTA_SPECIFICITY_v1.py	ba729639b556a546e13462482cef02db743edfa7931ccb1343b06d543099607c	9784b8584ee55f9d70aaf33d4ad950d53bd7c98d07cdf70804111835d93c4849	path-configured derivative	Author-owned project implementation; third-party libraries imported, not bundled
code/P5_V2_FULL_B_NORMALIZATION_v1.py	f4c3d3f086622492581688b4cfcf2433b2f08949bd03199b981d220b7c8c7f41	41c5c6b3f1c430cc2bbb4fff4206b1639e55bf135aab1cc8dc0eeda9cae41006	path-configured derivative	Author-owned project implementation; third-party libraries imported, not bundled
code/P5_V2_GENE_LEVEL_COMPANION_v1.py	7434d8fe1566584deabac1b2bb992a1387f717ea50bd3b29c756d688433ce716	d28a151756e5bad009263ae4026be7e78ea32e37cd0292587fc8069c5fffab98	path-configured derivative	Author-owned project implementation; third-party libraries imported, not bundled
code/P5_V2_IMPLEMENTATION_AUDIT_v1.py	2d5831e57fb5b01a52d15e86b6b511a343e50fe8b7ae5b02e6abd9e377b61694	d637935a35f1bf75a68230859add0bb1226ecc69f950afaa1aa188c1a0970b17	path-configured derivative	Author-owned project implementation; third-party libraries imported, not bundled
code/P5_V2_RUN_ALL_12_MPT_FULL.sh	42e6930bfde1e705a573e7ec40e4340b2fe3d07c41779f87455eb5aa99f89b5f	45934a1b084bb572b95dad3c28d72e68b2dc2a45e0a39d1d7e1fed6f7fb6a4f4	path-configured derivative	Author-owned project implementation; third-party libraries imported, not bundled
code/P5_V2_RUN_ALL_6_OSTA_FULL.sh	9b9ca3789931ff569b584ad57b66b92e1ed3336173e0d1e4f6010f1bf6786c93	32cb571cf985ce48e4ed7ae43deced6ff72b85204ac21450cb68a6790c0ee301	path-configured derivative	Author-owned project implementation; third-party libraries imported, not bundled
code/finalize_validation1_review.py	aa143599060234339dabd6cd05e74dc6deb786dd7603ad3f1d03f08a27ebf2cc	aa143599060234339dabd6cd05e74dc6deb786dd7603ad3f1d03f08a27ebf2cc	byte-identical	Author-owned project implementation; third-party libraries imported, not bundled
code/render_submission_assets.py	eb02f64cde259d6f8fb59d3a076f823f2455a5c2fd0cca5004cca03162da75e5	7f341a7d960d916b78dd00ced85a839709a6dadfcfe258eae55212e660716eda	path-configured documented historical derivative	Author-owned historical submission-rendering entry point; runtime paths configured and historical/non-authoritative presentation status documented. Scientific rendering logic otherwise retained.
code/verify_counting_fixture.py	7b85d45e09403c6eac423f61c5384e828b3092c7c14333a8e71f8cc8c8f4baec	7b85d45e09403c6eac423f61c5384e828b3092c7c14333a8e71f8cc8c8f4baec	byte-identical	Author-owned project implementation; third-party libraries imported, not bundled
results/ST1.tsv	3afdf8bad94125ee42815c914eeaca2393078db3f594b24420edd8a4f8bd63a2	1fb85a2d970ff7ac79a25dfa6f1c2b3a41682794bda306c71c330450f5fcbd96	metadata-aligned release derivative	Project-generated summary; temporal evidence-class/timing metadata aligned to frozen submission table and duplicated historical temporal presentation row removed. Numerical/statistical values of retained rows unchanged.
results/ST2.tsv	1054c1014390fa270391712f44b29471d49fc28eb1856912469dd51679fb7b98	1054c1014390fa270391712f44b29471d49fc28eb1856912469dd51679fb7b98	byte-identical	Project-generated summary or provenance; no underlying third-party source values
results/ST2_joint_tests.tsv	513e7f18b130f35ee2f3c607bb311a37eb6c68729872ac53765e97ece0e245d8	513e7f18b130f35ee2f3c607bb311a37eb6c68729872ac53765e97ece0e245d8	byte-identical	Project-generated summary or provenance; no underlying third-party source values
source_summaries/Figure3_temporal.tsv	1eb499aa39a5401fd0c5fe2ad27454ea378b7a07af494f098a4ffc27e8b24d4a	1eb499aa39a5401fd0c5fe2ad27454ea378b7a07af494f098a4ffc27e8b24d4a	byte-identical	Project-generated summary or provenance; no underlying third-party source values
source_summaries/S1_profile_statistics.tsv	ebef82257f298e9ba29c969d88d3013a92b6e480d6ffaa5f87e3a55a6cf9b597	ebef82257f298e9ba29c969d88d3013a92b6e480d6ffaa5f87e3a55a6cf9b597	byte-identical	Project-generated summary or provenance; no underlying third-party source values
source_summaries/S2_attributes.tsv	14a2eae3c3cc1ef9e029004d9c5692372392c4e5d9d6ca69982c9c391ae8bf86	14a2eae3c3cc1ef9e029004d9c5692372392c4e5d9d6ca69982c9c391ae8bf86	byte-identical	Project-generated summary or provenance; no underlying third-party source values
source_summaries/S2_attrition_flow.tsv	33260272737b57e0cc513378608b5a110ab31f4f9863fcdbaa1e63a3995a57cc	33260272737b57e0cc513378608b5a110ab31f4f9863fcdbaa1e63a3995a57cc	byte-identical	Project-generated summary or provenance; no underlying third-party source values
source_summaries/S2_multiplicity.tsv	fed9d3931ce1b0bcb7b2ffe239ffdbe2ca484559d1fbeba0b4fb35d767546119	fed9d3931ce1b0bcb7b2ffe239ffdbe2ca484559d1fbeba0b4fb35d767546119	byte-identical	Project-generated summary or provenance; no underlying third-party source values
source_summaries/S3_B_constants.tsv	22efde8dca85ee103d56ec7d91de14141aa89271a9127fd40bd7e6ce455233e1	22efde8dca85ee103d56ec7d91de14141aa89271a9127fd40bd7e6ce455233e1	byte-identical	Project-generated summary or provenance; no underlying third-party source values
source_summaries/S3_invariance.tsv	c9e24696aaa28003b32ec976f79c9e70fa39aba5ee7f3b5daf8eb103c85c9747	c9e24696aaa28003b32ec976f79c9e70fa39aba5ee7f3b5daf8eb103c85c9747	byte-identical	Project-generated summary or provenance; no underlying third-party source values
source_summaries/ST2_archived_summary.txt	c1a13cebd5b16a7cd702e9c3c2338b2568361fa3f6b1a33104f278c175662edc	c1a13cebd5b16a7cd702e9c3c2338b2568361fa3f6b1a33104f278c175662edc	byte-identical	Project-generated summary or provenance; no underlying third-party source values
manifests/P5_PREREVEAL_BRIDGE_MODEL_FREEZE_SHA256SUMS.txt	a6674ba93937ca9e64dae95bf1aa65e354c7991f02ddbcdbfd8f21af2ada75ef	c141b22a738beacfb35c2ebad4a595a752e2e57e0cab0ab2e0146610b33fc1f6	path-redacted metadata	Project-generated summary or provenance; no underlying third-party source values
manifests/P5_PREREVEAL_BRIDGE_MODEL_SPEC.yaml	4eeab635d97f342afc4ccc936aa323ed746698d5699b9721d051da46451a98be	4eeab635d97f342afc4ccc936aa323ed746698d5699b9721d051da46451a98be	byte-identical	Project-generated summary or provenance; no underlying third-party source values
manifests/P5_STAGE1A_EVOLUTION_SIDE_FINAL_FREEZE_SHA256SUMS.txt	c2270f4fd4e929d85a3a435cfee082e6130e97ce598a39bb671669ce10a43b50	c2270f4fd4e929d85a3a435cfee082e6130e97ce598a39bb671669ce10a43b50	byte-identical	Project-generated summary or provenance; no underlying third-party source values
manifests/P5_STAGE1_EVOLUTION_SCORE_SPEC.yaml	515533a81147a19555c62370cf6a8cbc90275d0b2e622c97b4947671dbd820ae	515533a81147a19555c62370cf6a8cbc90275d0b2e622c97b4947671dbd820ae	byte-identical	Project-generated summary or provenance; no underlying third-party source values
manifests/P5_V2_FINAL_REVEAL_IMPLEMENTATION_FREEZE_SHA256SUMS.txt	7c737e5ef6d71299b5d843c5cf2a991a5067f89243f564911084f35dabf9521e	c1654bc1d12559d4c0bb34d8b06bfd2065e33e023c8122d6ef5b11c18e682a4c	path-redacted metadata	Project-generated summary or provenance; no underlying third-party source values
manifests/P5_V2_MPT_12RUN_MANIFEST.tsv	367153bf576f620005b72a6d6dd806b99ea8acb18cbc5f8e84fb92154f14da66	367153bf576f620005b72a6d6dd806b99ea8acb18cbc5f8e84fb92154f14da66	byte-identical	Project-generated summary or provenance; no underlying third-party source values
manifests/P5_V2_OSTA_6RUN_MANIFEST.tsv	3770dca309a030c1e5adbe46ab93332eaa54d8765662a067ea6157679bbb8290	3770dca309a030c1e5adbe46ab93332eaa54d8765662a067ea6157679bbb8290	byte-identical	Project-generated summary or provenance; no underlying third-party source values
manifests/P5_V2_OSTA_SPECIFICITY_FREEZE.yaml	2ca23874e7e665c7b1d1abf4de52b75e7c190872f53499778bdd7fe2c786abdf	2ca23874e7e665c7b1d1abf4de52b75e7c190872f53499778bdd7fe2c786abdf	byte-identical	Project-generated summary or provenance; no underlying third-party source values
manifests/P5_V2_OSTA_SPECIFICITY_FREEZE_SHA256SUMS.txt	931416a24f095c9e9559a82d9409db923bac51e0bc3874fd87b7861c57c912dd	931416a24f095c9e9559a82d9409db923bac51e0bc3874fd87b7861c57c912dd	byte-identical	Project-generated summary or provenance; no underlying third-party source values
manifests/P5_V2_PREREVEAL_MPT_MODEL_FREEZE_SHA256SUMS.txt	84cd821a823f3b17fe3e2fcc688df908ede76986f5ce790eea173fe5c9de98d5	1954e2f555ba49b9e1e6b3270b7aadc7690135f40ca3fc1a26a13c88ec30a20b	path-redacted metadata	Project-generated summary or provenance; no underlying third-party source values
manifests/P5_V2_PREREVEAL_MPT_MODEL_SPEC.yaml	181ed0bef6bc81e4750f421c1e0b3f79a7bfd5fc55432d60664a191d7854b912	181ed0bef6bc81e4750f421c1e0b3f79a7bfd5fc55432d60664a191d7854b912	byte-identical	Project-generated summary or provenance; no underlying third-party source values
manifests/software_versions.json	0705531db77327071b1f67a6b2e26fb57eb3ca53871f4be75fefd88de6b3772a	0705531db77327071b1f67a6b2e26fb57eb3ca53871f4be75fefd88de6b3772a	byte-identical	Project-generated summary or provenance; no underlying third-party source values
DATA_DICTIONARY.md	cbe905ea49cc6047b903ff4653209d9f9cb0ecc107f2f1b616efce8b0d5b1fa9	cbe905ea49cc6047b903ff4653209d9f9cb0ecc107f2f1b616efce8b0d5b1fa9	byte-identical	Project documentation
ENVIRONMENT.md	477a3475df4f50431b3f6d6efff34bbbb4ed30a7ae27f3176baaa2c5f42055bb	477a3475df4f50431b3f6d6efff34bbbb4ed30a7ae27f3176baaa2c5f42055bb	byte-identical	Project documentation
ACCESSION_MANIFEST.tsv	b7885fc93817acd0413edceb9a00557c0018a1cbcd3aad48396a1482b3ad257f	6a558ae3fe9cd1790e76321ce2c4d26c44a3381efbf8dcb1132e1637f9d40a00	documentation release derivative	Project documentation; release copy differs from the original archive as shown by the recorded SHA256 values.
ACCESSIONS.md	0ab907c7d9a5f2bb71199d4977a6b07fc47846f41a5ce45cad195f42b826c381	0ab907c7d9a5f2bb71199d4977a6b07fc47846f41a5ce45cad195f42b826c381	byte-identical	Project documentation
PACKAGING_ENVIRONMENT.json	e436b3e37534e74deff9224c0eebf18a451d780da9a250b8c638bff3a6225033	e436b3e37534e74deff9224c0eebf18a451d780da9a250b8c638bff3a6225033	byte-identical	Project documentation
SCRIPT_TO_RESULT_MAP.tsv	f2e808a0b5b1dc980f600ceab3866b3fc3701633e5c3e077ae3277dd685910c6	3cb3097fb983149a225ddf2798f352f206f32ea61822435611b4372b4fa38ff3	sanitized metadata	Project documentation; renderer role clarified as historical and non-authoritative for final frozen presentation.
